City_ID,City,Country,Date,Lat,Lng,Max Temp,Humidity,Cloudiness,Wind Speed
0,Punta Arenas,CL,2022-01-09 14:07:05,-53.15,-70.9167,51.91,50,75,21.85
1,Ushuaia,AR,2022-01-09 14:07:05,-54.8,-68.3,45.64,81,81,3.33
2,Klaksvik,FO,2022-01-09 14:06:12,62.2266,-6.589,41.92,79,90,25.1
3,Portland,US,2022-01-09 14:07:06,45.5234,-122.6762,41.32,90,75,13.0
4,Kumeny,RU,2022-01-09 14:07:06,58.1089,49.9161,14.43,93,100,13.8
5,Seoul,KR,2022-01-09 14:02:11,37.5683,126.9778,29.64,54,9,1.25
6,Chuy,UY,2022-01-09 14:07:06,-33.6971,-53.4616,79.9,48,7,15.82
7,Tuatapere,NZ,2022-01-09 14:07:06,-46.1333,167.6833,57.81,97,88,1.68
8,Rikitea,PF,2022-01-09 14:07:07,-23.1203,-134.9692,77.81,77,100,19.01
9,Butaritari,KI,2022-01-09 14:07:07,3.0707,172.7902,80.22,78,90,13.04
10,Lata,PT,2022-01-09 14:07:07,40.1629,-8.3327,58.93,90,100,4.23
11,Havoysund,NO,2022-01-09 14:07:07,70.9963,24.6622,25.68,61,100,10.07
12,Cabo San Lucas,MX,2022-01-09 14:03:11,22.8909,-109.9124,67.51,81,75,11.5
13,Bethel,US,2022-01-09 14:07:08,41.3712,-73.414,38.01,73,100,3.0
14,Cape Town,ZA,2022-01-09 14:07:08,-33.9258,18.4232,77.11,81,100,12.64
15,Hamilton,US,2022-01-09 14:07:08,39.1834,-84.5333,44.98,95,100,1.99
16,Mount Gambier,AU,2022-01-09 14:07:08,-37.8333,140.7667,53.51,91,3,6.31
17,Aswan,EG,2022-01-09 14:07:09,24.0934,32.907,77.07,26,100,15.48
18,Baghdad,IQ,2022-01-09 14:07:09,33.3406,44.4009,66.11,32,0,6.91
19,Jieshi,CN,2022-01-09 14:07:09,22.8134,115.8257,62.94,80,8,7.74
20,Dongsheng,CN,2022-01-09 14:07:10,39.8161,109.9776,22.05,48,100,11.72
21,Mataura,NZ,2022-01-09 14:07:10,-46.1927,168.8643,57.47,99,100,1.7
22,Saint-Philippe,RE,2022-01-09 14:07:10,-21.3585,55.7679,83.79,83,49,6.38
23,Puerto Ayora,EC,2022-01-09 14:07:10,-0.7393,-90.3518,75.16,83,46,7.45
24,Hermanus,ZA,2022-01-09 14:07:11,-34.4187,19.2345,76.89,80,100,6.06
25,Khon Buri,TH,2022-01-09 14:07:11,14.5254,102.2459,79.02,55,6,2.01
26,Margate,GB,2022-01-09 14:07:11,51.3813,1.3862,46.89,68,11,3.0
27,Port Alfred,ZA,2022-01-09 14:07:11,-33.5906,26.891,79.61,73,1,28.48
28,Bluff,NZ,2022-01-09 14:07:12,-46.6,168.3333,57.79,98,99,8.52
29,Okha,RU,2022-01-09 14:07:12,53.5739,142.9478,3.34,88,100,25.37
30,Novyy Urengoy,RU,2022-01-09 14:07:12,66.0833,76.6333,-16.82,100,78,7.87
31,Tuktoyaktuk,CA,2022-01-09 14:07:12,69.4541,-133.0374,-24.5,100,60,10.13
32,Aykhal,RU,2022-01-09 14:07:13,66.0,111.5,-4.81,67,100,26.98
33,Constitucion,CL,2022-01-09 14:07:13,-35.3333,-72.4167,66.31,74,84,7.85
34,Albany,US,2022-01-09 14:07:13,42.6001,-73.9662,32.67,81,100,1.01
35,Namibe,AO,2022-01-09 14:07:13,-15.1961,12.1522,75.58,60,57,11.9
36,Hithadhoo,MV,2022-01-09 14:07:14,-0.6,73.0833,82.76,69,63,5.1
37,Mount Isa,AU,2022-01-09 14:07:14,-20.7333,139.5,74.97,19,0,0.0
38,Wanning,CN,2022-01-09 14:07:14,18.8003,110.3967,70.23,81,100,7.16
39,Kampong Cham,KH,2022-01-09 14:07:14,11.9934,105.4635,77.11,55,8,4.65
40,Buala,SB,2022-01-09 14:07:15,-8.145,159.5921,79.59,84,33,7.09
41,Ipixuna,BR,2022-01-09 14:07:15,-1.7625,-48.8043,76.95,89,100,5.84
42,Busselton,AU,2022-01-09 14:04:06,-33.65,115.3333,61.09,63,6,17.22
43,Touros,BR,2022-01-09 14:03:39,-5.1989,-35.4608,87.24,57,74,14.18
44,Vaini,TO,2022-01-09 14:07:15,-21.2,-175.2,73.56,94,100,5.75
45,Gimli,CA,2022-01-09 14:05:14,50.6336,-96.9907,-14.57,89,26,15.37
46,Khatanga,RU,2022-01-09 14:07:16,71.9667,102.5,-20.16,100,38,3.02
47,Muros,ES,2022-01-09 14:07:16,42.7762,-9.0603,59.99,96,100,15.66
48,Saldanha,ZA,2022-01-09 14:08:16,-33.0117,17.9442,68.72,79,100,7.43
49,Ancud,CL,2022-01-09 14:08:17,-41.8697,-73.8203,71.42,73,41,3.42
50,Virginia Beach,US,2022-01-09 14:08:17,36.8529,-75.978,44.02,80,100,4.61
51,Barrow,US,2022-01-09 14:06:28,71.2906,-156.7887,-18.38,69,0,6.91
52,Balogo,PH,2022-01-09 14:08:17,10.8868,124.7105,76.66,90,94,5.39
53,New Norfolk,AU,2022-01-09 14:08:17,-42.7826,147.0587,62.1,69,75,0.83
54,La Ronge,CA,2022-01-09 14:08:18,55.1001,-105.2842,-20.0,91,7,9.55
55,Faanui,PF,2022-01-09 14:08:18,-16.4833,-151.75,80.47,77,100,3.69
56,Georgetown,MY,2022-01-09 14:07:00,5.4112,100.3354,84.88,72,20,2.3
57,Abashiri,JP,2022-01-09 14:08:18,44.0213,144.2697,22.95,73,100,10.11
58,Xining,CN,2022-01-09 14:08:18,36.6167,101.7667,23.72,80,26,3.89
59,Kavieng,PG,2022-01-09 14:08:19,-2.5744,150.7967,81.41,75,100,7.29
60,Tarnalelesz,HU,2022-01-09 14:08:19,48.05,20.1833,34.3,63,99,0.98
61,Norman Wells,CA,2022-01-09 14:08:19,65.282,-126.8329,-35.03,100,58,3.36
62,Saint George,US,2022-01-09 14:06:38,37.1041,-113.5841,37.87,70,0,3.44
63,Port Elizabeth,ZA,2022-01-09 14:08:20,-33.918,25.5701,79.3,71,2,21.21
64,Bolshevik,BY,2022-01-09 14:08:20,54.0065,27.5692,26.22,96,100,6.46
65,Biak,ID,2022-01-09 14:08:20,-0.9131,122.8766,76.87,82,33,3.22
66,Longyearbyen,SJ,2022-01-09 14:08:20,78.2186,15.6401,24.64,86,100,6.91
67,Svay Rieng,KH,2022-01-09 14:08:21,11.0879,105.7993,80.17,57,5,6.38
68,Victoria,HK,2022-01-09 14:04:37,22.2855,114.1577,66.38,81,27,5.01
69,Baherden,TM,2022-01-09 14:08:21,38.4362,57.4316,49.15,55,8,9.6
70,Bredasdorp,ZA,2022-01-09 14:08:21,-34.5322,20.0403,75.27,60,98,18.23
71,Thompson,CA,2022-01-09 14:04:23,55.7435,-97.8558,-22.14,87,34,10.45
72,Porto Novo,BJ,2022-01-09 14:08:22,6.4965,2.6036,94.03,39,11,11.27
73,Hasaki,JP,2022-01-09 14:08:22,35.7333,140.8333,43.2,62,100,19.35
74,Swellendam,ZA,2022-01-09 14:08:22,-34.0226,20.4417,87.3,46,93,13.73
75,Kununurra,AU,2022-01-09 14:08:22,-15.7667,128.7333,82.38,83,0,6.91
76,Kapaa,US,2022-01-09 14:08:23,22.0752,-159.319,66.18,100,20,5.75
77,Tasiilaq,GL,2022-01-09 14:08:23,65.6145,-37.6368,32.16,89,100,47.42
78,Kaitangata,NZ,2022-01-09 14:08:23,-46.2817,169.8464,56.19,97,100,3.06
79,El Tigre,VE,2022-01-09 14:08:23,8.8875,-64.2454,80.28,44,94,11.43
80,Khash,IR,2022-01-09 14:08:24,28.2211,61.2158,48.63,32,0,5.06
81,Cherskiy,RU,2022-01-09 14:08:24,68.75,161.3,-25.55,100,90,2.93
82,Hobart,AU,2022-01-09 14:08:24,-42.8794,147.3294,62.46,73,100,6.91
83,Jamestown,US,2022-01-09 14:06:09,42.097,-79.2353,40.32,69,100,7.0
84,Castro,BR,2022-01-09 14:08:24,-24.7911,-50.0119,66.29,68,100,7.47
85,Ballina,AU,2022-01-09 14:08:25,-28.8667,153.5667,70.95,1,9,5.68
86,Kamenka,RU,2022-01-09 14:08:25,51.3223,42.7678,21.74,86,100,14.63
87,Atar,MR,2022-01-09 14:08:25,20.5169,-13.0499,78.06,9,86,18.16
88,Epernay,FR,2022-01-09 14:08:25,49.05,3.95,42.91,82,100,8.68
89,Solnechnyy,RU,2022-01-09 14:08:26,50.7214,136.6319,-10.62,97,65,3.09
90,Ramshir,IR,2022-01-09 14:08:26,30.8946,49.4092,63.84,39,0,5.99
91,Porbandar,IN,2022-01-09 14:08:26,21.6422,69.6093,68.45,43,0,12.06
92,Clyde River,CA,2022-01-09 14:09:26,70.4692,-68.5914,-17.91,98,100,5.5
93,Lebu,CL,2022-01-09 14:09:27,-37.6167,-73.65,64.65,76,61,11.21
94,Dabat,ET,2022-01-09 14:09:27,12.9842,37.765,58.5,59,100,5.46
95,Kodiak,US,2022-01-09 14:09:27,57.79,-152.4072,31.96,81,100,33.8
96,Vostok,RU,2022-01-09 14:09:28,46.4856,135.8833,-17.27,99,86,4.29
97,Baykit,RU,2022-01-09 14:09:28,61.67,96.37,14.04,97,100,4.09
98,Cidreira,BR,2022-01-09 14:09:28,-30.1811,-50.2056,74.68,65,38,17.6
99,Coquimbo,CL,2022-01-09 14:09:28,-29.9533,-71.3436,69.53,60,20,9.22
100,Atasu,KZ,2022-01-09 14:09:29,48.6814,71.6433,-3.57,100,13,3.78
101,Road Town,VG,2022-01-09 14:06:35,18.4167,-64.6167,80.69,74,40,11.5
102,Ransang,PH,2022-01-09 14:09:29,8.9603,117.5828,79.34,84,22,7.72
103,Khorramshahr,IR,2022-01-09 14:09:29,30.4397,48.1664,67.95,33,0,4.03
104,Sitka,US,2022-01-09 14:09:29,57.0531,-135.33,40.89,60,100,24.16
105,Avarua,CK,2022-01-09 14:09:30,-21.2078,-159.775,77.05,94,40,4.61
106,Carnarvon,AU,2022-01-09 14:09:30,-24.8667,113.6333,73.47,73,0,21.85
107,Bonavista,CA,2022-01-09 14:09:30,48.6499,-53.1147,21.11,70,100,21.97
108,The Valley,AI,2022-01-09 14:09:30,18.217,-63.0578,81.82,67,0,23.91
109,East London,ZA,2022-01-09 14:09:31,-33.0153,27.9116,79.61,72,0,25.03
110,Ust-Kalmanka,RU,2022-01-09 14:09:31,52.1207,83.305,26.73,93,100,19.6
111,Qaanaaq,GL,2022-01-09 14:09:31,77.484,-69.3632,-3.37,70,82,5.93
112,Upernavik,GL,2022-01-09 14:09:31,72.7868,-56.1549,1.67,100,100,11.63
113,Port Hardy,CA,2022-01-09 14:09:32,50.6996,-127.4199,46.76,91,100,20.76
114,Bowen,AU,2022-01-09 14:09:32,-20.0167,148.2333,82.45,76,56,14.45
115,Tual,ID,2022-01-09 14:09:32,-5.6667,132.75,83.59,74,93,11.48
116,Bagdarin,RU,2022-01-09 14:09:22,54.4333,113.6,-20.34,93,7,3.53
117,Preobrazheniye,RU,2022-01-09 14:09:33,42.9019,133.9064,16.61,48,0,4.97
118,Henties Bay,NA,2022-01-09 14:09:33,-22.116,14.2845,69.85,78,97,12.21
119,Taonan,CN,2022-01-09 14:09:33,45.3333,122.7833,-1.86,97,89,1.72
120,Bambous Virieux,MU,2022-01-09 14:09:33,-20.3428,57.7575,80.22,76,74,9.44
121,Praya,CV,2022-01-09 14:09:34,14.9215,-23.5087,74.88,59,100,8.28
122,Liku,ID,2022-01-09 14:09:34,-0.7275,119.8922,75.09,90,99,0.36
123,Leningradskiy,RU,2022-01-09 14:09:34,69.3833,178.4167,-11.96,91,91,9.86
124,Pevek,RU,2022-01-09 14:09:34,69.7008,170.3133,-15.45,100,68,3.76
125,Kruisfontein,ZA,2022-01-09 14:09:35,-34.0033,24.7314,84.83,51,0,19.62
126,Narsaq,GL,2022-01-09 14:09:35,60.9167,-46.05,14.22,94,100,3.18
127,Constantine,DZ,2022-01-09 14:09:35,36.365,6.6147,56.61,38,40,14.97
128,Iquitos,PE,2022-01-09 14:09:36,-3.7481,-73.2472,82.44,78,0,5.75
129,Hervey Bay,AU,2022-01-09 14:08:16,-25.2986,152.8535,74.01,87,0,1.01
130,Marawi,PH,2022-01-09 14:09:36,7.9986,124.2928,68.65,97,100,1.19
131,Plettenberg Bay,ZA,2022-01-09 14:09:36,-34.0527,23.3716,79.92,61,24,10.56
132,Garmsar,IR,2022-01-09 14:09:36,35.2182,52.3409,49.75,32,0,2.66
133,Atuona,PF,2022-01-09 14:09:37,-9.8,-139.0333,78.3,73,49,19.75
134,San Quintin,MX,2022-01-09 14:09:37,30.4833,-115.95,56.61,71,100,3.27
135,Namatanai,PG,2022-01-09 14:09:37,-3.6667,152.4333,79.92,78,100,5.08
136,Ahipara,NZ,2022-01-09 14:09:37,-35.1667,173.1667,63.28,89,100,1.74
137,Altay,CN,2022-01-09 14:09:38,47.8667,88.1167,14.77,65,55,7.27
138,Mar Del Plata,AR,2022-01-09 14:09:38,-38.0023,-57.5575,76.87,68,49,14.0
139,Nishihara,JP,2022-01-09 14:10:38,26.1842,127.7558,65.48,68,20,19.57
140,Souillac,MU,2022-01-09 14:10:38,-20.5167,57.5167,80.37,74,97,5.39
141,Tiksi,RU,2022-01-09 14:10:39,71.6872,128.8694,-25.83,97,43,8.1
142,Taltal,CL,2022-01-09 14:10:39,-25.4,-70.4833,69.62,70,22,5.32
143,Batagay,RU,2022-01-09 14:10:39,67.6333,134.6333,-30.75,99,37,3.62
144,Bongandanga,CD,2022-01-09 14:10:39,1.5,21.05,92.98,35,100,0.92
145,Zempoala,MX,2022-01-09 14:10:40,19.45,-96.4167,72.91,77,96,2.98
146,Husavik,IS,2022-01-09 14:10:40,66.0449,-17.3389,28.02,86,14,11.41
147,Dunmore Town,BS,2022-01-09 14:10:40,25.5,-76.65,74.66,74,100,25.32
148,Claresholm,CA,2022-01-09 14:06:24,50.0333,-113.5852,-11.88,93,15,4.9
149,Nogales,MX,2022-01-09 14:10:41,31.3086,-110.9422,50.95,81,0,5.75
150,Celendin,PE,2022-01-09 14:10:41,-6.8703,-78.1517,61.32,80,100,1.34
151,Chokurdakh,RU,2022-01-09 14:10:41,70.6333,147.9167,-23.15,95,72,8.28
152,Oranjemund,NA,2022-01-09 14:10:41,-28.55,16.4333,71.69,72,73,7.61
153,Los Llanos De Aridane,ES,2022-01-09 14:10:42,28.6585,-17.9182,68.13,40,0,5.01
154,Dingle,PH,2022-01-09 14:10:42,10.9995,122.6711,74.34,92,7,6.13
155,Noumea,NC,2022-01-09 14:10:42,-22.2763,166.4572,81.0,99,78,13.98
156,Verkhnevilyuysk,RU,2022-01-09 14:10:42,63.4453,120.3167,-33.41,98,15,4.21
157,Port Hedland,AU,2022-01-09 14:10:43,-20.3167,118.5667,84.25,79,5,10.36
158,Makakilo City,US,2022-01-09 14:10:43,21.3469,-158.0858,68.61,86,0,5.75
159,Laguna,US,2022-01-09 14:10:43,38.421,-121.4238,46.42,96,40,1.01
160,Amalapuram,IN,2022-01-09 14:10:43,16.5833,82.0167,79.18,84,1,3.53
161,Padang,ID,2022-01-09 14:10:44,-0.9492,100.3543,77.05,85,92,2.37
162,Takoradi,GH,2022-01-09 14:10:44,4.8845,-1.7554,87.3,58,40,9.86
163,Vila Velha,BR,2022-01-09 14:10:44,-20.3297,-40.2925,76.95,96,100,0.0
164,Lavrentiya,RU,2022-01-09 14:10:44,65.5833,-171.0,-11.96,80,1,7.72
165,Port Pirie,AU,2022-01-09 14:10:45,-33.1833,138.0167,80.11,29,0,7.76
166,Horsham,GB,2022-01-09 14:10:45,51.064,-0.3272,48.45,63,40,8.05
167,Gwadar,PK,2022-01-09 14:10:45,25.1216,62.3254,66.94,35,0,2.3
168,Gizo,SB,2022-01-09 14:10:45,-8.103,156.8419,81.97,80,25,10.87
169,Kaiserslautern,DE,2022-01-09 14:10:46,49.45,7.75,43.34,61,40,1.01
170,Udachnyy,RU,2022-01-09 14:10:46,66.4167,112.4,2.44,77,100,22.21
171,Novopavlovka,RU,2022-01-09 14:10:46,51.2172,109.2091,-15.77,100,20,1.97
172,Opuwo,NA,2022-01-09 14:10:47,-18.0607,13.84,94.82,15,100,15.14
173,Katherine,AU,2022-01-09 14:10:47,-14.4667,132.2667,80.92,69,75,8.05
174,Nikolskoye,RU,2022-01-09 14:10:47,59.7035,30.7861,24.69,97,98,4.14
175,Anahuac,MX,2022-01-09 14:10:48,27.2333,-100.15,59.67,97,65,7.02
176,Sao Filipe,CV,2022-01-09 14:10:48,14.8961,-24.4956,75.07,58,98,5.86
177,Chongwe,ZM,2022-01-09 14:10:48,-15.3292,28.682,70.66,90,99,3.56
178,Orebro,SE,2022-01-09 14:10:48,59.2741,15.2066,32.18,67,100,10.36
179,Zamberk,CZ,2022-01-09 14:10:49,50.086,16.4674,33.24,90,100,9.46
180,Talnakh,RU,2022-01-09 14:10:49,69.4865,88.3972,4.21,96,100,6.6
181,Jumla,NP,2022-01-09 14:10:49,29.2747,82.1838,34.2,92,22,5.86
182,Homer,US,2022-01-09 14:10:49,59.6425,-151.5483,12.09,73,0,14.97
183,Caravelas,BR,2022-01-09 14:11:50,-17.7125,-39.2481,85.75,66,100,6.82
184,Yaan,NG,2022-01-09 14:11:50,7.3833,8.5667,100.53,12,12,3.78
185,Vredendal,ZA,2022-01-09 14:11:50,-31.6683,18.5012,77.63,57,100,9.86
186,Ternate,ID,2022-01-09 14:11:51,0.8,127.4,81.28,81,87,5.79
187,Fredonia,US,2022-01-09 14:11:51,42.4401,-79.3317,40.75,88,100,24.05
188,Uusikaupunki,FI,2022-01-09 14:11:51,60.8004,21.4084,25.32,95,95,5.5
189,Yellowknife,CA,2022-01-09 14:11:51,62.456,-114.3525,-26.72,83,19,8.01
190,Rio Gallegos,AR,2022-01-09 14:11:52,-51.6226,-69.2181,59.05,33,40,24.16
191,Nara,JP,2022-01-09 14:11:16,34.6851,135.8049,45.91,54,97,0.54
192,Gat,IL,2022-01-09 14:11:52,31.61,34.7642,61.48,42,100,13.09
193,Suntar,RU,2022-01-09 14:11:52,62.1444,117.6319,-32.89,99,12,4.18
194,Slave Lake,CA,2022-01-09 14:11:52,55.2834,-114.769,-4.14,96,100,5.88
195,Tabou,CI,2022-01-09 14:11:53,4.423,-7.3528,83.91,69,100,7.72
196,Rawson,AR,2022-01-09 14:11:53,-43.3002,-65.1023,79.86,41,0,6.76
197,Ossora,RU,2022-01-09 14:11:53,59.2353,163.0719,23.94,96,100,10.18
198,Isiolo,KE,2022-01-09 14:11:53,0.3546,37.5822,79.39,52,30,11.32
199,Padilla,CO,2022-01-09 14:11:54,3.2204,-76.3139,70.47,85,97,1.88
200,Kuandian,CN,2022-01-09 14:11:54,40.7286,124.7847,15.03,83,99,4.0
201,Cairns,AU,2022-01-09 14:11:54,-16.9167,145.7667,78.06,96,100,6.91
202,San Patricio,US,2022-01-09 14:11:54,28.017,-97.5169,73.49,99,56,1.21
203,Jabinyanah,TN,2022-01-09 14:11:55,35.035,10.9081,60.53,34,100,15.26
204,Roald,NO,2022-01-09 14:11:55,62.5833,6.1333,35.74,55,0,12.66
205,Necochea,AR,2022-01-09 14:11:55,-38.5473,-58.7368,84.04,30,21,15.28
206,Soure,BR,2022-01-09 14:11:56,-0.7167,-48.5233,76.71,86,100,8.3
207,Lorengau,PG,2022-01-09 14:11:56,-2.0226,147.2712,80.74,79,100,5.95
208,Nyurba,RU,2022-01-09 14:11:56,63.2842,118.3319,-30.21,96,6,5.57
209,Hualmay,PE,2022-01-09 14:11:56,-11.0964,-77.6139,72.84,76,27,8.41
210,Sungairaya,ID,2022-01-09 14:07:16,0.7,108.9,79.14,86,98,9.46
211,Gull Lake,CA,2022-01-09 14:11:57,50.1001,-108.4847,-12.64,95,75,6.31
212,Great Falls,US,2022-01-09 14:07:23,47.5002,-111.3008,30.42,51,0,7.0
213,Kavaratti,IN,2022-01-09 14:11:57,10.5669,72.642,79.84,67,0,9.73
214,Daru,PG,2022-01-09 14:10:07,-9.0763,143.2092,78.96,85,99,9.62
215,Champerico,GT,2022-01-09 14:11:57,14.3,-91.9167,84.34,67,1,3.44
216,Mongo,TD,2022-01-09 14:11:58,12.1844,18.693,92.66,13,19,11.07
217,Girua,BR,2022-01-09 14:11:58,-28.0283,-54.3497,83.88,30,1,8.39
218,Puri,IN,2022-01-09 14:11:58,19.8,85.85,70.32,64,0,4.72
219,Hai Duong,VN,2022-01-09 14:09:16,20.9333,106.3167,60.8,72,100,1.63
220,Serra,BR,2022-01-09 14:10:11,-20.1286,-40.3078,76.46,88,100,0.0
221,Dikson,RU,2022-01-09 14:11:58,73.5069,80.5464,-9.17,97,100,12.68
222,Ornskoldsvik,SE,2022-01-09 14:11:59,63.2909,18.7153,19.22,100,100,5.75
223,Coolum Beach,AU,2022-01-09 14:11:59,-26.5333,153.1,76.1,90,5,8.03
224,Zhigansk,RU,2022-01-09 14:11:59,66.7697,123.3711,-35.16,97,77,16.31
225,Pisco,PE,2022-01-09 14:12:00,-13.7,-76.2167,75.25,78,20,2.3
226,Waingapu,ID,2022-01-09 14:12:00,-9.6567,120.2641,78.57,84,96,6.29
227,Sola,VU,2022-01-09 14:12:00,-13.8833,167.55,82.09,76,85,12.44
228,Baoding,CN,2022-01-09 14:13:00,38.8511,115.4903,32.16,68,76,5.48
229,Nome,US,2022-01-09 14:13:01,64.5011,-165.4064,5.07,48,0,31.07
230,Hun,LY,2022-01-09 14:13:01,29.1268,15.9477,59.34,36,6,18.84
231,Kassala,SD,2022-01-09 14:13:01,15.451,36.4,93.97,22,11,12.06
232,Cordoba,AR,2022-01-09 14:09:19,-31.4135,-64.1811,92.43,33,20,4.0
233,Provideniya,RU,2022-01-09 14:13:01,64.3833,-173.3,0.79,66,0,10.02
234,Praia Da Vitoria,PT,2022-01-09 14:13:02,38.7333,-27.0667,60.76,71,81,20.38
235,Luena,AO,2022-01-09 14:13:02,-11.7833,19.9167,78.57,61,69,6.93
236,Luderitz,NA,2022-01-09 14:13:02,-26.6481,15.1594,71.08,73,29,12.19
237,Carauari,BR,2022-01-09 14:13:03,-4.8828,-66.8958,75.99,89,97,2.33
238,Karasjok,NO,2022-01-09 14:13:03,69.4719,25.5112,15.91,100,36,2.68
239,Vieux Fort,LC,2022-01-09 14:13:03,13.7167,-60.95,78.78,67,10,20.02
240,Shellbrook,CA,2022-01-09 14:13:03,53.2168,-106.4011,-35.25,99,9,5.1
241,Norrtalje,SE,2022-01-09 14:13:04,59.758,18.705,33.24,97,16,4.09
242,Kloulklubed,PW,2022-01-09 14:13:04,7.0419,134.2556,75.7,74,100,10.04
243,Dukat,RU,2022-01-09 14:13:04,62.55,155.55,-9.36,93,54,2.28
244,Junction City,US,2022-01-09 14:10:55,39.0286,-96.8314,17.62,64,0,1.99
245,Itagiba,BR,2022-01-09 14:13:05,-14.2836,-39.8428,83.35,64,100,2.86
246,Tsiroanomandidy,MG,2022-01-09 14:13:05,-18.7667,46.0333,78.66,67,96,3.67
247,Princeville,CA,2022-01-09 14:13:05,45.7668,-61.2985,24.13,88,100,8.75
248,Praia,CV,2022-01-09 14:13:05,14.9215,-23.5087,74.88,59,100,8.28
249,Sinegorye,RU,2022-01-09 14:13:06,62.0788,150.477,-0.27,100,100,1.23
250,Cam Ranh,VN,2022-01-09 14:13:06,11.9214,109.1591,73.36,88,40,13.8
251,Luancheng,CN,2022-01-09 14:13:06,37.8792,114.6517,34.36,53,100,4.88
252,Plouzane,FR,2022-01-09 14:13:07,48.3833,-4.6167,50.18,93,100,11.5
253,Nanortalik,GL,2022-01-09 14:13:07,60.1432,-45.2371,18.9,93,100,22.48
254,Ketchikan,US,2022-01-09 14:13:07,55.3422,-131.6461,44.58,87,100,28.77
255,Rabo De Peixe,PT,2022-01-09 14:13:07,37.8,-25.5833,63.28,100,20,11.5
256,Hobyo,SO,2022-01-09 14:13:08,5.3505,48.5268,79.41,62,10,22.57
257,Kungurtug,RU,2022-01-09 14:13:08,50.5994,97.5228,-5.51,96,18,2.15
258,Porto Recanati,IT,2022-01-09 14:13:08,43.4365,13.6613,42.98,59,100,9.19
259,Yulara,AU,2022-01-09 14:13:09,-25.2406,130.9889,89.44,12,8,6.91
260,Muroto,JP,2022-01-09 14:13:09,33.2833,134.15,52.36,63,100,10.29
261,Te Anau,NZ,2022-01-09 14:13:09,-45.4167,167.7167,56.86,89,84,1.7
262,Mahebourg,MU,2022-01-09 14:13:09,-20.4081,57.7,80.26,76,85,9.37
263,Popondetta,PG,2022-01-09 14:13:10,-8.7537,148.2534,73.2,95,100,2.68
264,Poum,NC,2022-01-09 14:13:10,-20.2333,164.0167,81.61,76,5,14.7
265,Riohacha,CO,2022-01-09 14:13:10,11.5444,-72.9072,81.19,64,65,17.4
266,Pimentel,PE,2022-01-09 14:13:10,-6.8367,-79.9342,75.49,64,0,12.66
267,Esperance,AU,2022-01-09 14:13:11,-33.8667,121.9,63.66,58,80,17.4
268,Viedma,AR,2022-01-09 14:13:11,-40.8135,-62.9967,94.3,19,65,23.2
269,San Carlos De Bariloche,AR,2022-01-09 14:13:11,-41.1456,-71.3082,69.55,43,20,17.27
270,Sao Jose Da Coroa Grande,BR,2022-01-09 14:13:11,-8.8978,-35.1478,85.51,61,94,10.38
271,North Bend,US,2022-01-09 14:13:12,43.4065,-124.2243,43.12,97,0,10.36
272,Madimba,TZ,2022-01-09 14:14:12,-10.4,40.3333,85.23,65,89,12.68
273,Kaura Namoda,NG,2022-01-09 14:14:12,12.5898,6.5779,90.03,12,1,9.51
274,Ribeira Grande,PT,2022-01-09 14:14:12,38.5167,-28.7,63.0,63,75,21.85
275,Little Current,CA,2022-01-09 14:14:13,45.9793,-81.9248,28.42,87,100,21.88
276,Rosario,AR,2022-01-09 14:10:50,-32.9468,-60.6393,87.94,44,0,1.01
277,Thinadhoo,MV,2022-01-09 14:14:13,0.5333,72.9333,82.44,73,21,7.61
278,Nelson Bay,AU,2022-01-09 14:14:13,-32.7167,152.15,74.1,88,2,1.99
279,Safaga,EG,2022-01-09 14:14:13,26.7292,33.9365,73.09,46,100,2.01
280,Puerto Escondido,MX,2022-01-09 14:14:14,15.85,-97.0667,72.43,88,0,8.05
281,Sugag,RO,2022-01-09 14:14:14,45.7667,23.6333,31.71,97,100,3.71
282,Stokmarknes,NO,2022-01-09 14:14:14,68.5646,14.9108,15.78,86,0,8.05
283,Severo-Kurilsk,RU,2022-01-09 14:14:15,50.6789,156.125,29.52,86,88,11.48
284,Katsuura,JP,2022-01-09 14:14:15,35.1333,140.3,48.31,64,100,8.84
285,Ust-Tsilma,RU,2022-01-09 14:14:15,65.441,52.1498,2.35,91,99,9.31
286,Pishva,IR,2022-01-09 14:14:04,35.308,51.7267,54.25,38,0,1.1
287,Rypefjord,NO,2022-01-09 14:14:15,70.6333,23.6667,26.35,80,75,5.75
288,Pangoa,PE,2022-01-09 14:14:16,-12.1167,-73.0,69.1,99,100,0.94
289,Manaus,BR,2022-01-09 14:13:55,-3.1019,-60.025,81.1,78,75,3.44
290,Arraial Do Cabo,BR,2022-01-09 14:14:16,-22.9661,-42.0278,76.86,78,75,5.75
291,Adrar,MR,2022-01-09 14:14:16,20.5022,-10.0711,69.87,10,97,16.2
292,Paamiut,GL,2022-01-09 14:14:16,61.994,-49.6678,13.14,83,100,27.94
293,Victor Harbor,AU,2022-01-09 14:14:17,-35.5667,138.6167,75.29,78,5,4.81
294,Grootfontein,NA,2022-01-09 14:14:17,-19.5667,18.1167,83.39,38,98,10.4
295,Port-Gentil,GA,2022-01-09 14:14:17,-0.7193,8.7815,87.76,70,40,12.66
296,Sobolevo,RU,2022-01-09 14:14:17,54.4299,31.8996,22.84,96,100,7.85
297,Kashi,CN,2022-01-09 14:14:18,39.4547,75.9797,34.23,47,63,2.8
298,Verkhnyaya Inta,RU,2022-01-09 14:14:18,65.9811,60.3094,6.75,84,99,21.56
299,Deori Khas,IN,2022-01-09 14:14:18,23.4,79.0167,62.24,92,99,7.56
300,Carndonagh,IE,2022-01-09 14:14:18,55.25,-7.2667,46.02,85,100,20.09
301,Broome,US,2022-01-09 14:14:19,42.2506,-75.833,31.57,79,100,3.0
302,Nguruka,TZ,2022-01-09 14:14:19,-5.1092,31.0419,81.16,59,100,3.67
303,Saskylakh,RU,2022-01-09 14:14:19,71.9167,114.0833,0.73,89,100,16.11
304,Grafton,US,2022-01-09 14:14:20,42.207,-71.6856,34.77,76,100,1.01
305,Buchanan,LR,2022-01-09 14:14:20,5.8808,-10.0467,88.07,57,100,7.99
306,Sulangan,PH,2022-01-09 14:14:20,11.1373,123.7228,80.83,81,67,10.33
307,Goedereede,NL,2022-01-09 14:14:21,51.8175,3.9806,45.03,75,100,7.0
308,Dwarka,IN,2022-01-09 14:14:21,22.2394,68.9678,67.59,45,0,6.87
309,Kyzyl-Mazhalyk,RU,2022-01-09 14:14:22,51.1333,90.6,-6.52,98,98,0.11
310,Port Keats,AU,2022-01-09 14:14:22,-14.25,129.55,84.0,73,31,6.93
311,Oksovskiy,RU,2022-01-09 14:14:22,62.6062,39.8984,9.95,97,100,3.74
312,Saurimo,AO,2022-01-09 14:14:23,-9.6608,20.3916,77.31,76,68,4.27
313,Oswego,US,2022-01-09 14:14:24,43.4501,-76.1497,36.52,94,100,5.99
314,Sao Gabriel Da Cachoeira,BR,2022-01-09 14:14:24,-0.1303,-67.0892,77.43,91,86,1.66
315,Cooma,AU,2022-01-09 14:14:25,-36.2333,149.1333,64.17,100,100,10.36
316,Springbok,ZA,2022-01-09 14:14:25,-29.6643,17.8865,74.89,56,80,5.59
317,Melfi,IT,2022-01-09 14:14:25,40.9965,15.6514,47.5,77,100,4.94
318,Angoram,PG,2022-01-09 14:14:26,-4.0625,144.0661,73.49,97,97,2.77
319,Cuenca,EC,2022-01-09 14:12:33,-2.8833,-78.9833,59.05,73,85,3.89
320,Redmond,US,2022-01-09 14:14:09,47.674,-122.1215,37.87,91,99,1.01
321,Jiayuguan,CN,2022-01-09 14:15:26,39.8167,98.3,22.23,49,1,5.06
322,Alofi,NU,2022-01-09 14:15:26,-19.0595,-169.9187,75.09,100,100,3.44
323,Fortuna,US,2022-01-09 14:12:15,40.5982,-124.1573,38.32,100,0,10.36
324,Grindavik,IS,2022-01-09 14:15:27,63.8424,-22.4338,39.67,81,75,23.02
325,Taksimo,RU,2022-01-09 14:15:27,56.3444,114.8794,-22.99,89,23,1.5
326,Ivanovka,KG,2022-01-09 14:15:27,42.8878,75.085,32.43,72,15,1.5
327,Challans,FR,2022-01-09 14:15:27,46.8436,-1.8749,50.27,86,100,18.19
328,Petukhovo,RU,2022-01-09 14:15:28,55.0692,67.9019,2.17,94,15,9.91
329,High Level,CA,2022-01-09 14:15:28,58.5169,-117.136,-34.49,67,20,2.3
330,Iqaluit,CA,2022-01-09 14:15:28,63.7506,-68.5145,-25.31,74,75,4.0
331,Ilulissat,GL,2022-01-09 14:15:29,69.2167,-51.1,10.42,72,40,9.22
332,Inhambane,MZ,2022-01-09 14:15:29,-23.865,35.3833,83.26,62,42,15.48
333,Moerai,PF,2022-01-09 14:15:29,-22.4333,-151.3333,79.75,74,48,6.26
334,Sambava,MG,2022-01-09 14:15:29,-14.2667,50.1667,78.62,87,100,3.94
335,Igarape,BR,2022-01-09 14:15:30,-20.0703,-44.3017,69.6,98,100,1.79
336,Idritsa,RU,2022-01-09 14:15:30,56.3316,28.8988,18.5,97,84,3.36
337,Galle,LK,2022-01-09 14:15:31,6.0367,80.217,79.25,79,100,2.98
338,Chicama,PE,2022-01-09 14:15:31,-7.8447,-79.1469,68.54,73,90,7.02
339,Raudeberg,NO,2022-01-09 14:15:31,61.9875,5.1352,36.27,58,7,3.0
340,Abonnema,NG,2022-01-09 14:15:31,4.7084,6.7931,92.48,44,100,5.82
341,Sinnamary,GF,2022-01-09 14:15:32,5.3833,-52.95,78.53,76,61,9.64
342,Grand-Santi,GF,2022-01-09 14:15:32,4.25,-54.3833,82.02,64,100,2.91
343,Hampton,US,2022-01-09 14:15:32,37.0299,-76.3452,42.01,82,100,1.99
344,Barahona,DO,2022-01-09 14:15:32,18.2085,-71.1008,78.62,78,20,0.0
345,Xiongyue,CN,2022-01-09 14:15:33,40.1774,122.1228,23.31,59,46,6.04
346,Conde,BR,2022-01-09 14:15:33,-7.2597,-34.9075,87.26,58,40,11.5
347,Kahului,US,2022-01-09 14:15:33,20.8947,-156.47,70.84,79,0,6.91
348,Flinders,AU,2022-01-09 14:15:33,-34.5833,150.8552,73.18,91,87,1.99
349,San Cristobal,VE,2022-01-09 14:15:34,7.7669,-72.225,62.78,72,91,2.55
350,Hilo,US,2022-01-09 14:15:34,19.7297,-155.09,68.11,77,40,5.75
351,Martapura,ID,2022-01-09 14:15:34,-3.4167,114.85,78.89,94,100,6.91
352,Ambovombe,MG,2022-01-09 14:15:35,-25.1667,46.0833,80.67,70,100,23.35
353,Vila Franca Do Campo,PT,2022-01-09 14:15:35,37.7167,-25.4333,64.2,62,79,11.3
354,Loa Janan,ID,2022-01-09 14:15:35,-0.583,117.095,73.74,98,37,2.13
355,Ponta Do Sol,PT,2022-01-09 14:15:36,32.6667,-17.1,69.12,55,94,12.93
356,Celestun,MX,2022-01-09 14:15:36,20.8667,-90.4,72.99,88,61,9.66
357,Lompoc,US,2022-01-09 14:15:36,34.6391,-120.4579,52.52,93,0,9.22
358,Muyezerskiy,RU,2022-01-09 14:15:36,63.9333,31.65,-10.41,100,100,2.95
359,Wawa,NG,2022-01-09 14:15:37,9.9022,4.4192,92.7,17,3,6.71
360,Maniitsoq,GL,2022-01-09 14:15:37,65.4167,-52.9,7.32,87,100,5.41
361,Ola,RU,2022-01-09 14:15:37,59.5833,151.2833,17.15,84,98,9.06
362,Tubmanburg,LR,2022-01-09 14:16:37,6.8708,-10.8172,97.92,34,63,1.95
363,Vanimo,PG,2022-01-09 14:16:38,-2.6741,141.3028,76.64,87,100,5.93
364,Melilla,ES,2022-01-09 14:16:38,35.2937,-2.9383,75.4,19,0,18.41
365,Auki,SB,2022-01-09 14:15:15,-8.7676,160.7034,79.09,86,99,8.46
366,Gillette,US,2022-01-09 14:16:38,44.2911,-105.5022,21.24,76,0,5.99
367,Camopi,GF,2022-01-09 14:16:38,3.1655,-52.3158,82.81,63,69,3.53
368,Junin,AR,2022-01-09 14:16:39,-34.5838,-60.9433,89.17,27,15,11.1
369,Sechura,PE,2022-01-09 14:16:39,-5.5569,-80.8222,74.8,67,100,10.45
370,Matara,LK,2022-01-09 14:16:39,5.9485,80.5353,77.36,86,100,3.04
371,Balkhash,KZ,2022-01-09 14:16:40,46.844,74.9804,17.49,94,100,5.12
372,Gombong,ID,2022-01-09 14:16:40,-7.6072,109.5142,83.84,88,96,1.77
373,Russkiy Aktash,RU,2022-01-09 14:16:40,55.0384,52.1214,7.95,97,56,6.85
374,Jawhar,SO,2022-01-09 14:16:40,2.7809,45.5005,88.34,44,31,20.62
375,Barcelos,PT,2022-01-09 14:16:41,41.5388,-8.6151,58.28,96,100,9.73
376,Klyuchi,RU,2022-01-09 14:16:41,52.2667,79.1667,11.8,90,98,15.01
377,Klamath Falls,US,2022-01-09 14:14:35,42.2249,-121.7817,22.91,86,0,3.44
378,Thongwa,MM,2022-01-09 14:16:41,16.7619,96.5278,82.56,57,6,5.1
379,Hovd,MN,2022-01-09 14:16:41,48.0056,91.6419,1.89,97,92,2.37
380,Alta Floresta,BR,2022-01-09 14:16:42,-9.8756,-56.0861,80.42,83,75,13.8
381,Kovdor,RU,2022-01-09 14:16:42,67.5662,30.4758,0.19,99,96,3.18
382,Alyangula,AU,2022-01-09 14:16:42,-13.8483,136.4192,85.08,80,58,15.14
383,Aanekoski,FI,2022-01-09 14:16:42,62.6946,25.818,5.86,84,73,2.84
384,Pochutla,MX,2022-01-09 14:16:43,15.7432,-96.4661,73.81,62,9,2.3
385,Miyako,JP,2022-01-09 14:14:32,39.6367,141.9525,30.83,78,17,4.21
386,Hay River,CA,2022-01-09 14:16:43,60.8156,-115.7999,-22.02,69,20,4.61
387,San Ramon,US,2022-01-09 14:16:06,37.7799,-121.978,48.11,93,0,3.44
388,Port Macquarie,AU,2022-01-09 14:16:43,-31.4333,152.9167,71.89,86,62,7.31
389,Carinhanha,BR,2022-01-09 14:16:43,-14.3047,-43.765,74.57,84,100,3.4
390,Basay,PH,2022-01-09 14:16:44,9.4087,122.64,77.97,84,55,4.54
391,Dekar,BW,2022-01-09 14:16:44,-21.5333,21.9333,76.66,59,98,19.6
392,Tshikapa,CD,2022-01-09 14:16:44,-6.4167,20.8,86.74,58,72,2.57
393,Harper,LR,2022-01-09 14:16:44,4.375,-7.7169,84.63,66,98,7.76
394,Radstadt,AT,2022-01-09 14:16:45,47.3833,13.45,38.17,96,100,5.23
395,Aginskoye,RU,2022-01-09 14:16:45,51.1,114.53,-12.82,95,6,5.26
396,Llanes,ES,2022-01-09 14:16:45,43.4198,-4.7549,62.89,72,100,19.93
397,Wuwei,CN,2022-01-09 14:16:46,37.9281,102.6414,22.91,69,91,4.05
398,Mbarara,UG,2022-01-09 14:16:46,-0.608,30.65,80.69,47,69,3.51
399,Yamada,JP,2022-01-09 14:14:32,39.4667,141.95,30.52,78,20,4.97
400,Arys,KZ,2022-01-09 14:16:46,42.4252,68.795,34.02,57,50,6.71
401,Vung Tau,VN,2022-01-09 14:16:46,10.346,107.0843,77.16,83,5,19.22
402,Tongliao,CN,2022-01-09 14:16:47,43.6125,122.2653,2.98,84,97,6.38
403,Tlacotepec,MX,2022-01-09 14:16:47,20.0667,-97.8667,60.01,53,100,5.41
404,Kunda,IN,2022-01-09 14:16:47,25.7167,81.5167,59.47,85,38,1.79
405,Lasa,IT,2022-01-09 14:16:47,46.6166,10.7002,38.28,77,100,6.76
406,Delijan,IR,2022-01-09 14:16:48,33.9905,50.6838,47.55,39,0,3.89
407,Ussel,FR,2022-01-09 14:16:48,45.55,2.3167,40.77,94,100,7.29
408,Tartagal,AR,2022-01-09 14:16:48,-22.5164,-63.8013,90.82,30,80,4.29
409,Sakaiminato,JP,2022-01-09 14:16:49,35.55,133.2333,42.78,93,75,0.0
410,Bandarbeyla,SO,2022-01-09 14:16:49,9.4942,50.8122,76.82,63,6,18.5
411,Naryan-Mar,RU,2022-01-09 14:17:49,67.6713,53.087,7.39,90,99,15.9
412,Ostrovnoy,RU,2022-01-09 14:17:49,68.0531,39.5131,16.25,91,99,26.08
413,Jian,CN,2022-01-09 14:17:50,27.1172,114.9793,48.42,80,100,3.6
414,Hambantota,LK,2022-01-09 14:17:50,6.1241,81.1185,77.9,81,100,16.6
415,Tigil,RU,2022-01-09 14:17:50,57.8,158.6667,14.86,85,100,4.09
416,Kocevje,SI,2022-01-09 14:17:50,45.6433,14.8633,40.12,79,100,2.06
417,Bantou,CN,2022-01-09 14:17:51,26.2151,117.4893,50.77,90,79,2.06
418,Batagay-Alyta,RU,2022-01-09 14:17:51,67.8006,130.4114,-27.98,87,4,4.83
419,Hofn,IS,2022-01-09 14:17:51,64.2539,-15.2082,39.22,87,100,9.22
420,Mangrol,IN,2022-01-09 14:17:52,21.1167,70.1167,67.19,54,0,11.43
421,Talas,TR,2022-01-09 14:17:52,38.6908,35.5538,48.87,53,40,19.57
422,Yambio,SS,2022-01-09 14:17:52,4.5721,28.3955,98.82,17,100,5.59
423,Anloga,GH,2022-01-09 14:17:52,5.7947,0.8973,86.29,62,12,10.6
424,Sigli,ID,2022-01-09 14:17:53,5.3848,95.9609,79.2,83,87,3.89
425,Tazovskiy,RU,2022-01-09 14:17:53,67.4667,78.7,-1.19,97,98,7.23
426,Abu Samrah,SY,2022-01-09 14:17:53,35.3029,37.1841,60.73,49,0,2.39
427,Mahina,PF,2022-01-09 14:17:53,-17.5065,-149.489,78.57,83,75,16.11
428,Malindi,KE,2022-01-09 14:17:54,-3.2175,40.1191,82.24,73,10,15.64
429,Uvat,RU,2022-01-09 14:17:54,59.1433,68.8953,3.15,90,12,9.8
430,Buenos Aires,AR,2022-01-09 14:17:54,-34.6132,-58.3772,82.92,58,20,9.22
431,Kushiro,JP,2022-01-09 14:17:55,42.975,144.3747,19.94,76,72,4.97
432,Voh,NC,2022-01-09 14:17:55,-20.9667,164.7,76.62,89,3,5.23
433,Bengkulu,ID,2022-01-09 14:17:55,-3.8004,102.2655,78.3,85,97,2.35
434,Sorland,NO,2022-01-09 14:17:56,67.667,12.6934,33.66,64,75,6.91
435,Pangnirtung,CA,2022-01-09 14:17:56,66.1451,-65.7125,-25.49,89,44,6.35
436,Eureka,US,2022-01-09 14:17:56,40.8021,-124.1637,44.2,97,3,6.87
437,Kodinsk,RU,2022-01-09 14:17:56,58.6881,99.1844,6.85,90,100,7.31
438,Suhbaatar,MN,2022-01-09 14:17:57,50.2314,106.2078,-13.02,100,59,0.43
439,Segou,ML,2022-01-09 14:17:57,13.4317,-6.2157,86.07,9,8,11.12
440,Maridi,SS,2022-01-09 14:17:57,4.9158,29.4742,97.99,16,99,9.48
441,Nhulunbuy,AU,2022-01-09 14:17:57,-12.2333,136.7667,83.01,89,100,8.05
442,Liverpool,GB,2022-01-09 14:17:58,53.4106,-2.9779,47.91,79,20,7.0
443,Kiunga,PG,2022-01-09 14:17:58,-6.1219,141.2906,73.36,99,100,2.57
444,Bichura,RU,2022-01-09 14:17:58,50.5881,107.6022,-8.66,98,59,2.59
445,Tuy Hoa,VN,2022-01-09 14:17:59,13.0833,109.3,72.34,92,60,6.53
446,Palauig,PH,2022-01-09 14:17:59,15.435,119.9045,77.18,81,26,6.31
447,Kingman,US,2022-01-09 14:13:52,35.1894,-114.053,47.03,43,0,14.0
448,Xingyi,CN,2022-01-09 14:17:59,24.1877,102.817,47.07,71,0,5.06
449,Casper,US,2022-01-09 14:17:59,42.8666,-106.3131,19.99,63,0,17.27
450,Ekhabi,RU,2022-01-09 14:18:00,53.5102,142.9671,2.91,89,100,25.79
451,Quatre Cocos,MU,2022-01-09 14:18:00,-20.2078,57.7625,80.71,75,63,8.61
452,Kargasok,RU,2022-01-09 14:18:00,59.0556,80.8572,3.72,97,60,7.94
453,Clermont,FR,2022-01-09 14:18:01,49.5,2.4167,42.55,74,45,9.82
454,Yarmouth,US,2022-01-09 14:18:01,41.7057,-70.2286,46.51,79,75,11.01
455,Ashtabula,US,2022-01-09 14:18:01,41.7001,-80.7665,41.32,95,100,10.36
456,Okhotsk,RU,2022-01-09 14:18:01,59.3833,143.3,3.61,77,100,15.26
457,Puerto Rondon,CO,2022-01-09 14:18:02,6.2805,-71.1,79.23,52,100,11.01
458,Araouane,ML,2022-01-09 14:18:02,18.9048,-3.5265,71.46,10,95,14.76
459,Korla,CN,2022-01-09 14:19:02,41.7597,86.1469,25.25,53,48,3.67
460,Carbonia,IT,2022-01-09 14:19:02,39.1672,8.5222,55.0,65,100,12.75
461,Sayyan,YE,2022-01-09 14:19:03,15.1718,44.3244,63.82,38,85,2.57
462,Salinas,US,2022-01-09 14:14:59,36.6777,-121.6555,51.04,81,0,18.41
463,Beckley,US,2022-01-09 14:19:03,37.7782,-81.1882,41.49,78,100,1.01
464,El Dorado,US,2022-01-09 14:19:03,38.7666,-120.5177,41.02,54,1,1.99
465,Carmel,US,2022-01-09 14:19:03,39.9784,-86.118,40.95,91,100,8.01
466,Aksarka,RU,2022-01-09 14:19:04,66.5606,67.7975,-4.86,91,98,7.2
467,Victoriaville,CA,2022-01-09 14:15:12,46.0501,-71.9658,25.48,94,100,12.44
468,Odweyne,SO,2022-01-09 14:19:04,9.4092,45.064,79.63,31,6,16.58
469,Listvyanskiy,RU,2022-01-09 14:19:04,54.4399,83.4984,23.2,94,100,12.84
470,Awang,PH,2022-01-09 14:19:05,7.1531,124.2211,78.55,81,85,1.83
471,Taoudenni,ML,2022-01-09 14:19:05,22.6783,-3.9836,69.15,11,0,18.12
472,Isangel,VU,2022-01-09 14:19:05,-19.55,169.2667,79.12,83,16,14.74
473,Perivolion,GR,2022-01-09 14:19:05,39.4206,20.0147,53.15,75,100,15.39
474,Gibara,CU,2022-01-09 14:19:06,21.1097,-76.1317,78.12,65,100,19.62
475,Geraldton,AU,2022-01-09 14:19:06,-28.7667,114.6,68.41,73,40,19.57
476,Arlit,NE,2022-01-09 14:19:06,18.7369,7.3853,78.31,10,0,9.84
477,Olinda,BR,2022-01-09 14:19:07,-8.0089,-34.8553,85.73,66,40,9.22
478,Sur,OM,2022-01-09 14:19:07,22.5667,59.5289,70.21,51,0,4.99
479,Aklavik,CA,2022-01-09 14:19:07,68.2191,-135.0107,-24.77,97,13,5.17
480,Matagami,CA,2022-01-09 14:17:34,49.7502,-77.6328,21.31,86,100,12.66
481,Cayenne,GF,2022-01-09 14:19:07,4.9333,-52.3333,82.44,73,100,1.99
482,Galveston,US,2022-01-09 14:19:08,29.3669,-94.9669,73.44,93,0,5.75
483,Sept-Iles,CA,2022-01-09 14:14:21,50.2001,-66.3821,10.06,88,100,3.0
484,Lazaro Cardenas,MX,2022-01-09 14:19:08,17.9583,-102.2,72.3,71,34,3.98
485,Macheng,CN,2022-01-09 14:19:08,31.1783,115.0319,43.83,86,100,0.85
486,Gornyy,RU,2022-01-09 14:19:08,55.1153,83.9059,22.8,92,67,13.49
487,Paka,MY,2022-01-09 14:19:09,4.6374,103.4368,76.93,88,10,4.61
488,Wajir,KE,2022-01-09 14:19:09,1.7471,40.0573,95.9,25,85,9.13
489,Tres Lagoas,BR,2022-01-09 14:17:17,-20.7511,-51.6783,83.05,51,5,7.67
490,Frunze,UA,2022-01-09 14:19:09,48.6686,38.7544,32.97,71,100,16.58
491,Sovetskiy,RU,2022-01-09 14:19:10,61.3614,63.5842,5.38,86,10,8.57
492,Miramar,US,2022-01-09 14:19:10,25.9873,-80.2323,76.03,79,100,13.8
493,Carolina,PR,2022-01-09 14:15:27,18.3808,-65.9574,81.75,74,40,12.66
494,Contamana,PE,2022-01-09 14:19:10,-7.3333,-75.0167,87.98,48,84,6.11
495,Sirjan,IR,2022-01-09 14:19:10,29.452,55.6814,47.53,33,2,3.67
496,Tongchuan,CN,2022-01-09 14:19:11,35.0806,109.0897,36.81,60,100,4.63
497,Diamantino,BR,2022-01-09 14:16:57,-14.4086,-56.4461,82.31,74,100,8.55
498,Rocha,UY,2022-01-09 14:19:11,-34.4833,-54.3333,84.16,37,0,15.12
499,Bereda,ES,2022-01-09 14:19:11,43.2686,-7.5406,56.14,100,100,6.55
500,Robertsport,LR,2022-01-09 14:19:12,6.7533,-11.3686,84.02,69,63,9.84
501,Maturin,VE,2022-01-09 14:19:12,9.75,-63.1767,81.82,51,64,8.46
502,Guerrero Negro,MX,2022-01-09 14:19:12,27.9769,-114.0611,57.92,76,100,4.41
503,Walvis Bay,NA,2022-01-09 14:19:12,-22.9575,14.5053,70.09,68,96,16.6
504,Puerto Baquerizo Moreno,EC,2022-01-09 14:19:13,-0.9,-89.6,74.39,94,100,13.8
505,Naze,JP,2022-01-09 14:19:13,28.3667,129.4833,57.72,82,100,8.68
506,Rocky Mountain House,CA,2022-01-09 14:20:13,52.3668,-114.9188,-3.89,71,100,3.44
507,Richards Bay,ZA,2022-01-09 14:20:13,-28.783,32.0377,81.68,62,27,14.25
508,Cabreuva,BR,2022-01-09 14:20:14,-23.3075,-47.1328,71.87,91,100,7.61
509,Le Port,RE,2022-01-09 14:20:14,-20.9373,55.2919,84.2,79,37,1.99
510,Sangar,RU,2022-01-09 14:20:14,63.9242,127.4739,-46.14,99,64,1.68
511,Rio Bueno,CL,2022-01-09 14:20:15,-40.3167,-72.9667,68.14,63,88,3.27
512,Kieta,PG,2022-01-09 14:20:15,-6.2167,155.6333,80.53,83,97,8.97
513,Mabai,CN,2022-01-09 14:20:15,23.0128,104.4508,49.91,97,100,3.53
514,College,US,2022-01-09 14:20:15,64.8569,-147.8028,-9.74,67,0,0.0
515,Banjar,ID,2022-01-09 14:20:16,-8.19,114.9675,76.91,91,100,3.65
516,Ko Samui,TH,2022-01-09 14:20:16,9.5357,99.9357,80.78,72,22,7.99
517,Byron Bay,AU,2022-01-09 14:18:33,-28.65,153.6167,75.87,82,25,5.3
518,Sibut,CF,2022-01-09 14:20:16,5.718,19.0739,102.4,14,100,2.01
519,Ixtapa,MX,2022-01-09 14:16:21,20.7,-105.2,63.23,82,20,6.91
520,Santa Fe,AR,2022-01-09 14:16:39,-31.6333,-60.7,89.74,44,0,4.0
521,Tacarigua,VE,2022-01-09 14:20:17,10.0862,-67.9198,77.58,57,73,4.54
522,Kabare,CD,2022-01-09 14:20:17,-2.4683,28.8242,70.36,73,98,0.89
523,Alice Springs,AU,2022-01-09 14:16:59,-23.7,133.8833,80.15,18,2,8.05
524,Kaeo,NZ,2022-01-09 14:20:17,-35.1,173.7833,66.33,91,100,1.9
525,Vardo,NO,2022-01-09 14:20:17,70.3705,31.1107,25.59,67,100,21.56
526,Rurrenabaque,BO,2022-01-09 14:20:18,-14.4413,-67.5278,83.16,69,100,3.22
527,Tlapacoyan,MX,2022-01-09 14:20:18,19.9667,-97.2167,69.08,64,100,2.64
528,Kudahuvadhoo,MV,2022-01-09 14:20:18,2.6708,72.8944,82.04,73,100,10.6
529,Roma,US,2022-01-09 14:19:24,43.2128,-75.4557,36.43,92,100,5.75
530,Lagoa,PT,2022-01-09 14:20:19,39.05,-27.9833,59.22,70,99,14.23
531,Shahjahanpur,IN,2022-01-09 14:20:19,27.8833,79.9167,63.61,81,29,8.03
532,Andenes,NO,2022-01-09 14:20:19,69.3143,16.1194,30.18,69,75,4.61
533,Sistranda,NO,2022-01-09 14:20:19,63.7256,8.834,33.76,65,0,9.84
534,Anisoc,GQ,2022-01-09 14:20:20,1.8658,10.7689,86.56,55,100,4.88
535,Usinsk,RU,2022-01-09 14:20:20,65.9939,57.5281,2.91,92,71,18.5
536,Candolim,IN,2022-01-09 14:20:20,15.5181,73.7626,78.8,73,40,6.91
537,Bukama,CD,2022-01-09 14:20:20,-9.2,25.85,82.45,73,99,1.48
538,Vidim,RU,2022-01-09 14:20:21,56.4088,103.1106,-14.64,94,25,3.36
539,Kayerkan,RU,2022-01-09 14:20:21,69.3497,87.7602,3.52,91,100,3.38
540,Qandala,SO,2022-01-09 14:17:18,11.472,49.8728,75.85,65,6,9.98
541,Waipawa,NZ,2022-01-09 14:20:21,-41.4122,175.5153,61.43,78,100,6.78
542,Zhovtneve,UA,2022-01-09 14:20:22,50.6637,24.2492,27.25,89,85,3.49
543,Boysun,UZ,2022-01-09 14:20:22,38.2061,67.1986,34.72,64,5,3.22
544,Kipushi,CD,2022-01-09 14:20:22,-11.7667,27.2333,78.28,57,71,3.24
545,Saint-Augustin,CA,2022-01-09 14:20:22,51.226,-58.6502,2.1,78,57,5.79
546,Shurugwi,ZW,2022-01-09 14:20:23,-19.6702,30.0059,68.45,66,100,8.81
547,Miri,MY,2022-01-09 14:20:23,4.4148,114.0089,78.94,89,20,0.0
548,Nuuk,GL,2022-01-09 14:20:23,64.1835,-51.7216,12.81,79,75,8.05
549,Umm Kaddadah,SD,2022-01-09 14:20:23,13.6017,26.6876,93.88,13,63,1.34
550,Ziarat,PK,2022-01-09 14:20:24,30.3823,67.7282,32.79,59,3,2.26
551,Lakes Entrance,AU,2022-01-09 14:20:24,-37.8811,147.981,67.57,97,21,6.85
552,Kawalu,ID,2022-01-09 14:20:24,-7.3817,108.2082,74.52,95,99,1.99
553,Kendari,ID,2022-01-09 14:21:24,-3.945,122.4989,76.35,92,100,3.09
554,Evensk,RU,2022-01-09 14:21:25,61.95,159.2333,10.17,75,7,10.04
555,Saraland,US,2022-01-09 14:21:25,30.8207,-88.0706,68.5,92,61,7.18
556,Las Choapas,MX,2022-01-09 14:21:25,17.9333,-94.0833,68.05,95,58,2.66
557,Tinskoy,RU,2022-01-09 14:21:25,56.1525,96.9161,2.46,95,99,3.38
558,Bahia Honda,CU,2022-01-09 14:21:26,22.9036,-83.1592,74.77,75,100,12.68
559,Keskin,TR,2022-01-09 14:21:26,39.6731,33.6136,49.08,50,68,7.02
560,Sarankhola,BD,2022-01-09 14:21:26,22.3082,89.7897,67.44,64,0,3.33
561,Pyapon,MM,2022-01-09 14:21:27,16.2833,95.6833,74.44,66,7,6.58
562,Cape Canaveral,US,2022-01-09 14:21:28,28.4058,-80.6048,76.06,72,0,11.5
563,Yerbogachen,RU,2022-01-09 14:21:28,61.2767,108.0108,-11.38,83,43,9.6
564,Antofagasta,CL,2022-01-09 14:20:35,-23.65,-70.4,75.22,55,65,6.02
565,Southbridge,US,2022-01-09 14:17:35,42.0751,-72.0334,35.56,82,100,1.01
566,Beroroha,MG,2022-01-09 14:21:29,-21.6667,45.1667,73.49,86,100,4.34
567,Bay-Khaak,RU,2022-01-09 14:21:30,51.1667,94.5,-9.85,97,95,3.89
568,Tautira,PF,2022-01-09 14:21:30,-17.7333,-149.15,78.82,82,65,17.9
569,Vysokogornyy,RU,2022-01-09 14:21:31,50.1167,139.15,-15.61,100,96,4.03
570,Fujin,CN,2022-01-09 14:21:32,47.26,132.0322,-15.23,100,24,3.49
571,Asau,RO,2022-01-09 14:21:32,46.4333,26.4,41.4,89,100,2.17
572,Aki,JP,2022-01-09 14:21:32,33.5,133.9,45.18,74,87,6.33
573,Ambon,ID,2022-01-09 14:21:33,-3.6954,128.1814,78.94,89,40,4.61
574,Payson,US,2022-01-09 14:21:33,40.0444,-111.7321,25.59,79,0,4.61
